{"cameraMode":{"drawMode":0,"name":"Shaded","section":"Shading Mode"},"sceneLighting":false,"audioPlay":false,"sceneViewState":{"m_AlwaysRefresh":true,"showFog":true,"showSkybox":false,"showFlares":true,"showImageEffects":true,"showParticleSystems":true,"showVisualEffectGraphs":true,"m_FxEnabled":true},"in2DMode":false,"pivot":{"x":-0.09196716547012329,"y":0.8340588808059692,"z":3.8632454872131349},"rotation":{"x":0.06484577059745789,"y":-0.12391329556703568,"z":0.008115019649267197,"w":0.9901400208473206},"size":2.36602520942688,"orthographic":false}