{"cameraMode":{"drawMode":0,"name":"Shaded","section":"Shading Mode"},"sceneLighting":true,"audioPlay":false,"sceneViewState":{"m_AlwaysRefresh":true,"showFog":true,"showSkybox":true,"showFlares":true,"showImageEffects":true,"showParticleSystems":true,"showVisualEffectGraphs":true,"m_FxEnabled":true},"in2DMode":false,"pivot":{"x":-4.827744007110596,"y":-1.9354851245880128,"z":11.180868148803711},"rotation":{"x":0.12395015358924866,"y":-0.22129546105861665,"z":0.02836882881820202,"w":0.9668835401535034},"size":5.48496675491333,"orthographic":false}